{
  "task_name": "ArXivHierarchicalClusteringP2P",
  "scores": {
    "test": [
      {
        "v_measures": {
          "Level 0": [
            0.3886012675977569,
            0.4107898705381277,
            0.3621028402512769,
            0.4184784411415683,
            0.4404627317179907,
            0.4329870513415176,
            0.38735433420126447,
            0.4038912511703554,
            0.3990635476023289,
            0.3888288231183457
          ],
          "Level 1": [
            0.5673118377023606,
            0.539894277424036,
            0.5228865744175073,
            0.5706382112062817,
            0.5536330677291778,
            0.564265806050986,
            0.5680180258186401,
            0.5666131892215276,
            0.5494384635573746,
            0.5576404242078251
          ]
        },
        "v_measure": 0.4796450018008125,
        "v_measure_std": 0.07865255622197073,
        "main_score": 0.4796450018008125,
        "hf_subset": "default",
        "languages": [
          "eng-Latn"
        ]
      }
    ]
  }
}