{
  "task_name": "ArXivHierarchicalClusteringS2S",
  "scores": {
    "test": [
      {
        "v_measures": {
          "Level 0": [
            0.3827247452991592,
            0.4465092075030836,
            0.393370051149576,
            0.4093644267992749,
            0.4041649984700159,
            0.42152038399634684,
            0.3896776754025464,
            0.4149570201723957,
            0.4144702695714734,
            0.4468364668117371
          ],
          "Level 1": [
            0.55631163696257,
            0.5664509113230937,
            0.5589380317393013,
            0.5587245927248976,
            0.5464799627455561,
            0.5363998233913704,
            0.5478787574268045,
            0.55832808243154,
            0.5689429780057017,
            0.5469248031094729
          ]
        },
        "v_measure": 0.4834487412517959,
        "v_measure_std": 0.07288791976978841,
        "main_score": 0.4834487412517959,
        "hf_subset": "default",
        "languages": [
          "eng-Latn"
        ]
      }
    ]
  }
}