{
  "task_name": "BiorxivClusteringP2P.v2",
  "scores": {
    "test": [
      {
        "v_measures": {
          "Level 0": [
            0.09236665719787242,
            0.09751702729635651,
            0.0981241367725755,
            0.10277667000614028,
            0.10006035116575179,
            0.10549147438716931,
            0.09359309836269435,
            0.09980780714086775,
            0.0978815876692461,
            0.09692657426972325
          ]
        },
        "v_measure": 0.09845453842683972,
        "v_measure_std": 0.0037007593359695344,
        "main_score": 0.09845453842683972,
        "hf_subset": "default",
        "languages": [
          "eng-Latn"
        ]
      }
    ]
  }
}