{
  "task_name": "BIOSSES",
  "scores": {
    "test": [
      {
        "pearson": 0.31198053096877,
        "spearman": 0.3063021600253961,
        "cosine_pearson": 0.31198053427714645,
        "cosine_spearman": 0.3063021600253961,
        "manhattan_pearson": 0.29573147944302197,
        "manhattan_spearman": 0.284343828364612,
        "euclidean_pearson": 0.3092108377148627,
        "euclidean_spearman": 0.293350057674042,
        "main_score": 0.3063021600253961,
        "hf_subset": "default",
        "languages": [
          "eng-Latn"
        ]
      }
    ]
  }
}