{
  "task_name": "MedrxivClusteringP2P.v2",
  "scores": {
    "test": [
      {
        "v_measures": {
          "Level 0": [
            0.20922711513174602,
            0.20852633230311726,
            0.21057882794307636,
            0.21836947773540966,
            0.20657336850978764,
            0.21004780705726822,
            0.2177514444698347,
            0.20960511910295068,
            0.21979003666808222,
            0.20933874360987698
          ]
        },
        "v_measure": 0.211980827253115,
        "v_measure_std": 0.004496470504038511,
        "main_score": 0.211980827253115,
        "hf_subset": "default",
        "languages": [
          "eng-Latn"
        ]
      }
    ]
  }
}