{
  "task_name": "MedrxivClusteringS2S.v2",
  "scores": {
    "test": [
      {
        "v_measures": {
          "Level 0": [
            0.1925046698697608,
            0.19413905490612945,
            0.19600008149699102,
            0.18746590716066794,
            0.1953186458986859,
            0.1839629362055795,
            0.19203977238739978,
            0.18663358961768126,
            0.19343380023347587,
            0.19932352113545043
          ]
        },
        "v_measure": 0.19208219789118222,
        "v_measure_std": 0.004487970863269917,
        "main_score": 0.19208219789118222,
        "hf_subset": "default",
        "languages": [
          "eng-Latn"
        ]
      }
    ]
  }
}