{
  "task_name": "SICK-R",
  "scores": {
    "test": [
      {
        "pearson": 0.5966218870408028,
        "spearman": 0.5947889005720228,
        "cosine_pearson": 0.5966218851340093,
        "cosine_spearman": 0.5947888370437783,
        "manhattan_pearson": 0.6010218733364355,
        "manhattan_spearman": 0.5849132413249714,
        "euclidean_pearson": 0.6008829284786308,
        "euclidean_spearman": 0.5858388704053941,
        "main_score": 0.5947888370437783,
        "hf_subset": "default",
        "languages": [
          "eng-Latn"
        ]
      }
    ]
  }
}