{
  "task_name": "StackExchangeClusteringP2P.v2",
  "scores": {
    "test": [
      {
        "v_measures": {
          "Level 0": [
            0.3329966636101314,
            0.33413960067015924,
            0.3257025372518692,
            0.327103525500247,
            0.3249154317608279,
            0.33327823034735277,
            0.3291744203101445,
            0.332061411717661,
            0.33120264004856576,
            0.32643752715439406
          ]
        },
        "v_measure": 0.32970119883713533,
        "v_measure_std": 0.003282520374588334,
        "main_score": 0.32970119883713533,
        "hf_subset": "default",
        "languages": [
          "eng-Latn"
        ]
      }
    ]
  }
}