{
  "task_name": "StackExchangeClustering.v2",
  "scores": {
    "test": [
      {
        "v_measures": {
          "Level 0": [
            0.4308214600168193,
            0.42820790825052246,
            0.4239179312493795,
            0.4174667889575347,
            0.42260543001383094,
            0.4265622574350728,
            0.4299431701804414,
            0.4280722315888711,
            0.42069964929745796,
            0.4216842354102048
          ]
        },
        "v_measure": 0.4249981062400135,
        "v_measure_std": 0.004166961010852827,
        "main_score": 0.4249981062400135,
        "hf_subset": "default",
        "languages": [
          "eng-Latn"
        ]
      }
    ]
  }
}