{
  "task_name": "STS14",
  "scores": {
    "test": [
      {
        "pearson": 0.3952753886101428,
        "spearman": 0.3917778111815984,
        "cosine_pearson": 0.39527539551653573,
        "cosine_spearman": 0.3917778797979385,
        "manhattan_pearson": 0.42097233392831757,
        "manhattan_spearman": 0.40384298643349464,
        "euclidean_pearson": 0.4222969499621366,
        "euclidean_spearman": 0.4052074758557759,
        "main_score": 0.3917778797979385,
        "hf_subset": "default",
        "languages": [
          "eng-Latn"
        ]
      }
    ]
  }
}