{
  "task_name": "STS13",
  "scores": {
    "test": [
      {
        "pearson": 0.4068767872130886,
        "spearman": 0.41749928864013014,
        "cosine_pearson": 0.40687680186968456,
        "cosine_spearman": 0.41750310915928796,
        "manhattan_pearson": 0.4345289000691865,
        "manhattan_spearman": 0.43400175828453075,
        "euclidean_pearson": 0.4350000511431211,
        "euclidean_spearman": 0.4357355960030482,
        "main_score": 0.41750310915928796,
        "hf_subset": "default",
        "languages": [
          "eng-Latn"
        ]
      }
    ]
  }
}