{
  "task_name": "STS12",
  "scores": {
    "test": [
      {
        "pearson": 0.4424557839235175,
        "spearman": 0.4343574918628741,
        "cosine_pearson": 0.4424557901030005,
        "cosine_spearman": 0.4343547693558276,
        "manhattan_pearson": 0.47870168011889636,
        "manhattan_spearman": 0.44553180103901846,
        "euclidean_pearson": 0.4779968239065291,
        "euclidean_spearman": 0.4454632616212705,
        "main_score": 0.4343547693558276,
        "hf_subset": "default",
        "languages": [
          "eng-Latn"
        ]
      }
    ]
  }
}