{
  "task_name": "STS15",
  "scores": {
    "test": [
      {
        "pearson": 0.5187483183225685,
        "spearman": 0.5287147829599885,
        "cosine_pearson": 0.5187483171479614,
        "cosine_spearman": 0.528714876255713,
        "manhattan_pearson": 0.5325773407489646,
        "manhattan_spearman": 0.5298754375027483,
        "euclidean_pearson": 0.5328359883219643,
        "euclidean_spearman": 0.5301557273326996,
        "main_score": 0.528714876255713,
        "hf_subset": "default",
        "languages": [
          "eng-Latn"
        ]
      }
    ]
  }
}