{
  "task_name": "STSBenchmark",
  "scores": {
    "test": [
      {
        "pearson": 0.4974421138253284,
        "spearman": 0.49267659402273895,
        "cosine_pearson": 0.4974421093993381,
        "cosine_spearman": 0.49267659402273895,
        "manhattan_pearson": 0.519643407947409,
        "manhattan_spearman": 0.5041056927588303,
        "euclidean_pearson": 0.521768685093242,
        "euclidean_spearman": 0.5061902300870583,
        "main_score": 0.49267659402273895,
        "hf_subset": "default",
        "languages": [
          "eng-Latn"
        ]
      }
    ]
  }
}