{
  "task_name": "TwentyNewsgroupsClustering.v2",
  "scores": {
    "test": [
      {
        "v_measures": {
          "Level 0": [
            0.10904694839003212,
            0.09558225082586569,
            0.10046176937926764,
            0.09774925642451593,
            0.09984868748452619,
            0.10712694480269642,
            0.08985122671385508,
            0.09918910418085,
            0.10124219436597798,
            0.11069422356270049
          ]
        },
        "v_measure": 0.10107926061302874,
        "v_measure_std": 0.006044631330563671,
        "main_score": 0.10107926061302874,
        "hf_subset": "default",
        "languages": [
          "eng-Latn"
        ]
      }
    ]
  }
}