{
  "AmazonCounterfactualClassification": 0.7444527736131934,
  "Banking77Classification": 0.6722727272727272,
  "ImdbClassification": 0.714944,
  "MTOPDomainClassification": 0.8497264021887825,
  "MassiveIntentClassification": 0.633422999327505,
  "MassiveScenarioClassification": 0.6768325487558843,
  "ToxicConversationsClassification": 0.575732421875,
  "TweetSentimentExtractionClassification": 0.6258913412563667,
  "ArXivHierarchicalClusteringP2P": 0.48592705222961097,
  "ArXivHierarchicalClusteringS2S": 0.4725814776298818,
  "BiorxivClusteringP2P.v2": 0.20195544768470755,
  "MedrxivClusteringP2P.v2": 0.25976784258290325,
  "MedrxivClusteringS2S.v2": 0.23198742713681558,
  "StackExchangeClustering.v2": 0.3811331525667103,
  "StackExchangeClusteringP2P.v2": 0.3287611266998834,
  "TwentyNewsgroupsClustering.v2": 0.18475717495226535,
  "BIOSSES": 0.7374324655495873,
  "SICK-R": 0.779198533663429,
  "STS12": 0.7658021468609075,
  "STS13": 0.769808313978874,
  "STS14": 0.757299936409098,
  "STS15": 0.8504880726518075,
  "STS17": 0.052301701137191146,
  "STS22.v2": 0.529448284936943,
  "STSBenchmark": 0.8076605214005993
}