{
  "task_name": "ArXivHierarchicalClusteringP2P",
  "scores": {
    "test": [
      {
        "v_measures": {
          "Level 0": [
            0.3875943141175878,
            0.39364283699055536,
            0.3993987922659782,
            0.36811456924833263,
            0.4017087567591768,
            0.3897259335046674,
            0.41908675361264786,
            0.3714810849348464,
            0.408892876607764,
            0.40505757635161976
          ],
          "Level 1": [
            0.5734498850167192,
            0.5706197345280879,
            0.5728777187879728,
            0.56245877149868,
            0.5893751119465337,
            0.5697277006917315,
            0.5564068665240618,
            0.5264388511358534,
            0.5756246673372526,
            0.5460594692138292
          ]
        },
        "v_measure": 0.479387113553695,
        "v_measure_std": 0.08640864403010481,
        "main_score": 0.479387113553695,
        "hf_subset": "default",
        "languages": [
          "eng-Latn"
        ]
      }
    ]
  }
}