{
  "task_name": "ArXivHierarchicalClusteringS2S",
  "scores": {
    "test": [
      {
        "v_measures": {
          "Level 0": [
            0.4268746478377576,
            0.3781743967427782,
            0.3970590678435421,
            0.40795553353965314,
            0.4524320384783147,
            0.37729192179030696,
            0.41176308900442343,
            0.4189715018046708,
            0.39425079159713916,
            0.4008857421932631
          ],
          "Level 1": [
            0.5149665019954413,
            0.49074382920028664,
            0.5289328912417257,
            0.538786723306099,
            0.5722045612924305,
            0.5105526163435787,
            0.5515155315070867,
            0.5561973889738314,
            0.5263811260298924,
            0.5132033642894159
          ]
        },
        "v_measure": 0.46845716325058184,
        "v_measure_std": 0.06583882902628027,
        "main_score": 0.46845716325058184,
        "hf_subset": "default",
        "languages": [
          "eng-Latn"
        ]
      }
    ]
  }
}