{
  "task_name": "BiorxivClusteringP2P.v2",
  "scores": {
    "test": [
      {
        "v_measures": {
          "Level 0": [
            0.1988199278461937,
            0.18804554133722817,
            0.19691297029205734,
            0.19674953958249522,
            0.19269619897281254,
            0.20124951563130455,
            0.17883350947986976,
            0.19991259001896086,
            0.1912502811672589,
            0.1959245858506437
          ]
        },
        "v_measure": 0.1940394660178825,
        "v_measure_std": 0.0063656781600531995,
        "main_score": 0.1940394660178825,
        "hf_subset": "default",
        "languages": [
          "eng-Latn"
        ]
      }
    ]
  }
}