{
  "task_name": "BIOSSES",
  "scores": {
    "test": [
      {
        "pearson": 0.6512030361237612,
        "spearman": 0.6404483279893778,
        "cosine_pearson": 0.6511946606888221,
        "cosine_spearman": 0.6404483279893778,
        "manhattan_pearson": 0.6453008851365861,
        "manhattan_spearman": 0.6335144350561644,
        "euclidean_pearson": 0.6486817098850635,
        "euclidean_spearman": 0.6355024321612559,
        "main_score": 0.6404483279893778,
        "hf_subset": "default",
        "languages": [
          "eng-Latn"
        ]
      }
    ]
  }
}