{
  "task_name": "MedrxivClusteringP2P.v2",
  "scores": {
    "test": [
      {
        "v_measures": {
          "Level 0": [
            0.2840656912669381,
            0.27730521480731174,
            0.28266821832893213,
            0.2700351789105653,
            0.27429694094829865,
            0.2664680159288134,
            0.2848651952586695,
            0.27550503615324606,
            0.2849983788077779,
            0.27353504062132405
          ]
        },
        "v_measure": 0.2773742911031877,
        "v_measure_std": 0.006225424321383287,
        "main_score": 0.2773742911031877,
        "hf_subset": "default",
        "languages": [
          "eng-Latn"
        ]
      }
    ]
  }
}