{
  "task_name": "MedrxivClusteringS2S.v2",
  "scores": {
    "test": [
      {
        "v_measures": {
          "Level 0": [
            0.2435365563383809,
            0.225599148705448,
            0.24325286088940465,
            0.24231938643216958,
            0.23323917723170062,
            0.22610312512452754,
            0.23879617913544565,
            0.2156594431428035,
            0.23980412369705237,
            0.22919870700967074
          ]
        },
        "v_measure": 0.23375087077066037,
        "v_measure_std": 0.008915078750466867,
        "main_score": 0.23375087077066037,
        "hf_subset": "default",
        "languages": [
          "eng-Latn"
        ]
      }
    ]
  }
}