{
  "task_name": "SICK-R",
  "scores": {
    "test": [
      {
        "pearson": 0.8445408235138903,
        "spearman": 0.8144835451653645,
        "cosine_pearson": 0.8445407929999955,
        "cosine_spearman": 0.8144824839397452,
        "manhattan_pearson": 0.8475067195722679,
        "manhattan_spearman": 0.8136700664623893,
        "euclidean_pearson": 0.8478075349830447,
        "euclidean_spearman": 0.8142911116405002,
        "main_score": 0.8144824839397452,
        "hf_subset": "default",
        "languages": [
          "eng-Latn"
        ]
      }
    ]
  }
}