{
  "task_name": "StackExchangeClusteringP2P.v2",
  "scores": {
    "test": [
      {
        "v_measures": {
          "Level 0": [
            0.3385261536242327,
            0.3426101847880789,
            0.3355919721935714,
            0.339804166213654,
            0.33366217974083145,
            0.34418755632903697,
            0.34212161041589295,
            0.3454932743073964,
            0.34317380527683977,
            0.3332955877498482
          ]
        },
        "v_measure": 0.33984664906393824,
        "v_measure_std": 0.004190730882081151,
        "main_score": 0.33984664906393824,
        "hf_subset": "default",
        "languages": [
          "eng-Latn"
        ]
      }
    ]
  }
}