{
  "task_name": "StackExchangeClustering.v2",
  "scores": {
    "test": [
      {
        "v_measures": {
          "Level 0": [
            0.4219866872791155,
            0.42885199637925964,
            0.4345766552898102,
            0.4194253860528668,
            0.4319438936112217,
            0.41504209654662927,
            0.4287296369023262,
            0.42789365383983335,
            0.4315173226338819,
            0.4361273949970297
          ]
        },
        "v_measure": 0.42760947235319746,
        "v_measure_std": 0.0064386990503571715,
        "main_score": 0.42760947235319746,
        "hf_subset": "default",
        "languages": [
          "eng-Latn"
        ]
      }
    ]
  }
}