{
  "task_name": "STS15",
  "scores": {
    "test": [
      {
        "pearson": 0.8072048337500312,
        "spearman": 0.8427895789423021,
        "cosine_pearson": 0.8072051944234562,
        "cosine_spearman": 0.8427933439351906,
        "manhattan_pearson": 0.8319263396565579,
        "manhattan_spearman": 0.840173783041591,
        "euclidean_pearson": 0.8344249504448741,
        "euclidean_spearman": 0.8427408201149166,
        "main_score": 0.8427933439351906,
        "hf_subset": "default",
        "languages": [
          "eng-Latn"
        ]
      }
    ]
  }
}