{
  "task_name": "STS14",
  "scores": {
    "test": [
      {
        "pearson": 0.7626701856950318,
        "spearman": 0.7758227859678948,
        "cosine_pearson": 0.7626702280483333,
        "cosine_spearman": 0.7758217652613301,
        "manhattan_pearson": 0.7753016481784275,
        "manhattan_spearman": 0.7753306271987717,
        "euclidean_pearson": 0.777561244035962,
        "euclidean_spearman": 0.7769376546625177,
        "main_score": 0.7758217652613301,
        "hf_subset": "default",
        "languages": [
          "eng-Latn"
        ]
      }
    ]
  }
}