{
  "task_name": "STS12",
  "scores": {
    "test": [
      {
        "pearson": 0.8310436790374951,
        "spearman": 0.758058177798936,
        "cosine_pearson": 0.8310439482837568,
        "cosine_spearman": 0.7580734476783763,
        "manhattan_pearson": 0.8262315497657338,
        "manhattan_spearman": 0.7583712671971221,
        "euclidean_pearson": 0.8251036473035056,
        "euclidean_spearman": 0.7564091738560406,
        "main_score": 0.7580734476783763,
        "hf_subset": "default",
        "languages": [
          "eng-Latn"
        ]
      }
    ]
  }
}