{
  "task_name": "STS13",
  "scores": {
    "test": [
      {
        "pearson": 0.7325215217899762,
        "spearman": 0.7652841150932953,
        "cosine_pearson": 0.7325211052809117,
        "cosine_spearman": 0.7652842198724638,
        "manhattan_pearson": 0.7598902604744702,
        "manhattan_spearman": 0.7673698851817335,
        "euclidean_pearson": 0.7610815224917483,
        "euclidean_spearman": 0.76842042672709,
        "main_score": 0.7652842198724638,
        "hf_subset": "default",
        "languages": [
          "eng-Latn"
        ]
      }
    ]
  }
}