{
  "task_name": "STSBenchmark",
  "scores": {
    "test": [
      {
        "pearson": 0.8081657682656824,
        "spearman": 0.8419393794464328,
        "cosine_pearson": 0.8081655156067603,
        "cosine_spearman": 0.841950641566956,
        "manhattan_pearson": 0.8348456317403435,
        "manhattan_spearman": 0.8408961226506236,
        "euclidean_pearson": 0.8366592255893194,
        "euclidean_spearman": 0.8419377315886841,
        "main_score": 0.841950641566956,
        "hf_subset": "default",
        "languages": [
          "eng-Latn"
        ]
      }
    ]
  }
}