{
  "task_name": "TwentyNewsgroupsClustering.v2",
  "scores": {
    "test": [
      {
        "v_measures": {
          "Level 0": [
            0.23857667399248733,
            0.21241142057833787,
            0.2259841755408848,
            0.22428359652418794,
            0.23629479799155204,
            0.21882401897115916,
            0.22054392534163428,
            0.24131010857328813,
            0.25563533437273855,
            0.20573380082663334
          ]
        },
        "v_measure": 0.22795978527129038,
        "v_measure_std": 0.014205557168083948,
        "main_score": 0.22795978527129038,
        "hf_subset": "default",
        "languages": [
          "eng-Latn"
        ]
      }
    ]
  }
}