{
  "base_model": "gomyk/jina-v5-h256-distilled-conv",
  "lora_rank": 8,
  "lora_alpha": 16.0,
  "baseline": {
    "AmazonCounterfactualClassification": 0.7692653673163419,
    "Banking77Classification": 0.7783441558441558,
    "ImdbClassification": 0.730288,
    "MTOPDomainClassification": 0.9063383492932056,
    "MassiveIntentClassification": 0.6789845326160054,
    "MassiveScenarioClassification": 0.7296906523201077,
    "ToxicConversationsClassification": 0.61826171875,
    "TweetSentimentExtractionClassification": 0.6446236559139784
  },
  "lora": {
    "AmazonCounterfactualClassification": 0.9212893553223388,
    "Banking77Classification": 0.862564935064935,
    "ImdbClassification": 0.8213560000000001,
    "MTOPDomainClassification": 0.9767897856817145,
    "MassiveIntentClassification": 0.7789172831203766,
    "MassiveScenarioClassification": 0.8630464021519838,
    "ToxicConversationsClassification": 0.857421875,
    "TweetSentimentExtractionClassification": 0.7341539332201472
  }
}