{
  "base_model": "students/me5s/me5s_compressed_distilled_v2",
  "lora_rank": 8,
  "lora_alpha": 16.0,
  "baseline": {
    "AmazonCounterfactualClassification": 0.7479010494752624,
    "Banking77Classification": 0.6724025974025973,
    "ImdbClassification": 0.7080759999999999,
    "MTOPDomainClassification": 0.846625626994984,
    "MassiveIntentClassification": 0.626630800268998,
    "MassiveScenarioClassification": 0.6736718224613314,
    "ToxicConversationsClassification": 0.571923828125,
    "TweetSentimentExtractionClassification": 0.6231182795698924
  },
  "lora": {
    "AmazonCounterfactualClassification": 0.7479010494752624,
    "Banking77Classification": 0.6724025974025973,
    "ImdbClassification": 0.7080759999999999,
    "MTOPDomainClassification": 0.846625626994984,
    "MassiveIntentClassification": 0.626630800268998,
    "MassiveScenarioClassification": 0.6736718224613314,
    "ToxicConversationsClassification": 0.571923828125,
    "TweetSentimentExtractionClassification": 0.6231182795698924
  }
}