{
  "base_model": "gomyk/jina-v5-h256-distilled-conv",
  "lora_rank": 8,
  "lora_alpha": 16.0,
  "lr": 0.0002,
  "results": {
    "AmazonCounterfactualClassification": 0.9402985074626866,
    "Banking77Classification": 0.8724025974025974,
    "ImdbClassification": 0.83488,
    "MTOPDomainClassification": 0.9772001823985408,
    "MassiveIntentClassification": 0.8130464021519839,
    "MassiveScenarioClassification": 0.8732347007397444,
    "ToxicConversationsClassification": 0.94970703125,
    "TweetSentimentExtractionClassification": 0.7685342388228636
  },
  "average": 0.8786629575285521
}