{
  "base_model": "students/me5s/me5s_compressed_distilled_v2",
  "lora_rank": 8,
  "lora_alpha": 16.0,
  "baseline": {},
  "lora": {
    "BIOSSES": 0.7200164060622548,
    "SICK-R": 0.7767460176772113,
    "STS12": 0.807642018086086,
    "STS13": 0.833519147372809,
    "STS14": 0.811053535764443,
    "STS15": 0.8570413297102863,
    "STS17": 0.10529801111861323,
    "STS22.v2": 0.398045760181212,
    "STSBenchmark": 0.8273190156411182,
    "AmazonCounterfactualClassification": 0.7499250374812594,
    "Banking77Classification": 0.6952922077922078,
    "ImdbClassification": 0.6007640000000001,
    "MTOPDomainClassification": 0.8498404012767897,
    "MassiveIntentClassification": 0.6071284465366509,
    "MassiveScenarioClassification": 0.6777404169468728,
    "ToxicConversationsClassification": 0.58388671875,
    "TweetSentimentExtractionClassification": 0.6144595359366156,
    "ArXivHierarchicalClusteringP2P": 0.46380371263947706,
    "ArXivHierarchicalClusteringS2S": 0.4594772010828308,
    "BiorxivClusteringP2P.v2": 0.12459730382367926,
    "MedrxivClusteringP2P.v2": 0.21003462463257208,
    "MedrxivClusteringS2S.v2": 0.20631928273551567,
    "StackExchangeClustering.v2": 0.33725711219087345,
    "StackExchangeClusteringP2P.v2": 0.32055527143654106,
    "TwentyNewsgroupsClustering.v2": 0.16201357609929748
  }
}